id,start_pos,end_pos,surface,type,score
p4103_5,62,70,Friburgo,LOC,0.9947428
p4103_5,138,139,G,LOC,0.6169991
p57_1,517,523,Ovidio,PER,0.98695105
p57_1,662,667,Dante,PER,0.9943903
p480_1,405,412,Heinsio,PER,0.9373427
p480_1,415,417,Ve,PER,0.82005185
p480_1,420,422,##io,PER,0.52183247
p480_1,460,470,Forcellini,PER,0.5999847
p983_3,46,70,Paolino da S. Bartolomeo,PER,0.9198567
p983_3,333,338,Indie,LOC,0.94711477
p109_1,0,2,Ba,PER,0.57891923
p109_1,67,73,Orazio,PER,0.9106915
p109_1,593,595,Bu,PER,0.4985861
p109_1,615,623,Frontone,PER,0.8443626
p109_1,650,658,Cellario,PER,0.9017618
p109_1,665,672,Manuzio,PER,0.903335
p501_1,176,188,Crate Cinico,PER,0.8697138
p501_1,199,206,Laerzio,LOC,0.82084316
p501_1,219,220,C,PER,0.6336933
p501_1,230,234,##bano,PER,0.33634225
p501_1,308,314,Stobeo,PER,0.9788583
p501_1,321,326,Suida,PER,0.9832673
p501_1,334,341,Menagio,PER,0.9144549
p501_1,346,358,Aldobrandini,PER,0.95457083
p2522_1,340,345,Tasso,PER,0.8686056
p2522_1,519,527,Petrarca,PER,0.9701232
p2522_1,578,592,Virgilio Mille,PER,0.99497104
p996_1,311,319,Virgilio,PER,0.995986
p996_1,324,326,Ci,PER,0.89499754
p996_1,1458,1465,Gemisto,PER,0.78047436
p88_1,143,150,Corinna,PER,0.977204
p88_1,329,336,Corinna,PER,0.97731894
p1965_1,175,186,Inghilterra,LOC,0.9994709
p1965_1,205,216,Lady Morgan,PER,0.8836427
p1965_1,218,224,France,LOC,0.9370139
p1965_1,253,260,Langage,PER,0.63099
p4234_2,165,174,V. Maffei,PER,0.88526964
p4234_2,227,232,Rubbi,LOC,0.8667939
p121_2,30,41,Montesquieu,PER,0.994721
p4201_1,27,37,Anguillara,PER,0.6621397
p4201_1,62,69,Bologna,LOC,0.9914908
p3988_2,35,37,Di,PER,0.30495042
p3988_2,67,73,Weller,PER,0.7517407
p3988_2,215,220,Force,PER,0.55631626
p3988_2,227,229,Di,PER,0.31743264
p3988_2,272,275,For,PER,0.51602346
p3988_2,281,283,Di,PER,0.30398458
p4329_1,125,131,Italia,LOC,0.9997751
p4329_1,834,841,Firenze,LOC,0.99655104
p4329_1,861,862,S,LOC,0.35381868
p4329_1,864,871,Lorenzo,LOC,0.3480447
p2923_3,152,162,Corticelli,PER,0.97977257
p2923_3,404,412,Cicerone,PER,0.9621085
p2923_3,564,569,Belle,PER,0.5650571
p2283_1,222,230,Frontone,PER,0.95955336
p2283_1,296,304,Frontone,PER,0.97331774
p2329_1,484,498,Gaetano Marini,PER,0.97126275
p2329_1,525,530,Lanzi,PER,0.72165155
p2329_1,545,547,Et,LOC,0.4201679
p2329_1,550,552,##ca,LOC,0.41821036
p2329_1,1438,1443,Lazio,LOC,0.9935328
p2329_1,1659,1664,Lazio,LOC,0.9936672
p2329_1,1720,1726,Grecia,LOC,0.98942405
p2329_1,1734,1739,Lazio,LOC,0.9934789
p4227_4,42,48,Varchi,LOC,0.69133615
p4227_4,50,58,Ercolano,LOC,0.92709583
p4227_4,60,64,Vene,LOC,0.8877578
p4461_1,137,143,Romani,PER,0.45166117
p4461_1,364,369,Nevio,PER,0.94453806
p4461_1,495,502,Hermann,PER,0.98771065
p4461_1,559,566,Niebuhr,PER,0.8528399
p3735_1,227,230,Ruo,LOC,0.4980989
p3735_1,241,245,Ruta,LOC,0.6676859
p3735_1,570,573,Reg,PER,0.33216333
p3735_1,575,578,Par,PER,0.29710677
p21_5,8,15,Longino,PER,0.97692287
p21_5,1631,1636,Staël,PER,0.76898193
p2655_1,83,85,Ci,LOC,0.27533776
p2655_1,193,196,Mai,PER,0.73243165
p2140_1,733,738,Omero,PER,0.9984832
p2140_1,743,750,Erodoto,PER,0.99708885
p473_2,0,2,Ve,PER,0.6830256
p473_2,77,86,Artageram,PER,0.9074696
p473_2,113,118,Adduo,PER,0.93834335
p4282_8,55,56,V,PER,0.6152626
p4282_8,58,65,Forcell,PER,0.48925412
p4282_8,72,81,Spagnuoli,LOC,0.6832407
p114_1,335,341,Clodio,PER,0.9936456
p114_1,344,355,Montesquieu,PER,0.99513936
p114_1,524,534,Buonaparte,PER,0.9646492
p4020_6,171,175,Scap,PER,0.5143812
p352_1,44,52,Hufeland,PER,0.9802132
p4248_5,42,49,Lattanz,PER,0.45902687
p2171_1,48,50,St,PER,0.51556337
p2171_1,51,53,##ël,PER,0.4810986
p4232_3,92,100,Casaubon,PER,0.6353738
p4232_3,105,111,Athena,LOC,0.4855625
p4232_3,139,146,Aristot,PER,0.9720626
p3005_2,503,510,Salvini,PER,0.81225944
p3005_2,598,599,C,PER,0.31972367
p3005_2,765,766,C,LOC,0.3773104
p3005_2,786,787,G,PER,0.42692322
p4475_2,193,197,Nieb,PER,0.94331294
p4475_2,245,253,Goffredo,PER,0.9122379
p4475_2,271,274,Meg,LOC,0.45876816
p4475_2,298,303,Lusia,PER,0.517089
p4475_2,522,529,Enriade,PER,0.7295938
p2715_2,89,97,Petrarca,PER,0.98187315
p2715_2,131,140,Boccaccio,PER,0.97680837
p2715_2,147,150,Per,PER,0.7621775
p655_1,213,224,Mme Lambert,PER,0.96265155
p1932_2,470,478,Cicerone,PER,0.9942131
p1932_2,602,609,Francia,LOC,0.99459004
p1932_2,727,730,Cic,PER,0.67819697
p1932_2,734,740,Orazio,PER,0.8823588
p1932_2,763,776,Thomas di Cic,PER,0.9889575
p1932_2,1187,1194,Francia,LOC,0.947539
p1932_2,1493,1500,Francia,LOC,0.9815922
p1043_1,456,476,Montesquieu Grandeur,PER,0.9474117
p1043_1,582,589,Francia,LOC,0.9995995
p4004_5,98,101,For,LOC,0.68525004
p3994_2,595,597,Sc,LOC,0.29325837
p4119_9,582,589,Venezia,LOC,0.8822094
p3643_1,0,2,Fu,PER,0.34542978
p342_2,298,303,Omero,PER,0.9870938
p342_2,320,321,G,PER,0.64781857
p342_2,1691,1697,Hobbes,PER,0.954618
p4246_1,50,58,Petrarca,PER,0.9855083
p4246_1,124,127,Tas,LOC,0.3511
p4246_1,218,223,Mauro,PER,0.81327975
p4246_1,248,252,Guid,PER,0.5729321
p4246_1,254,259,##cioni,PER,0.42077878
p4246_1,299,301,Ve,PER,0.69469446
p4246_1,304,311,Giolito,PER,0.7279575
p1961_2,96,102,Scalda,PER,0.77117085
p1961_2,108,114,Andrès,PER,0.5985025
p2138_1,261,268,Varrone,PER,0.9802756
p2138_1,369,372,For,PER,0.44850084
p2138_1,655,661,Cautus,PER,0.5056738
p55_4,205,214,Sanazzaro,PER,0.8946011
p55_4,220,227,Arcadia,LOC,0.8809108
p55_4,290,296,Esiodo,PER,0.946523
p724_3,574,579,Monti,PER,0.81133497
p724_3,591,596,Monti,PER,0.80766493
p724_3,628,633,Arici,PER,0.8850594
p4248_8,27,31,Crus,LOC,0.47425997
p1447_3,395,396,V,PER,0.599072
p1447_3,398,406,Porfirio,PER,0.828794
p1447_3,408,411,Vit,PER,0.7508511
p1447_3,413,420,Plotini,PER,0.89178294
p2384_1,676,681,Omero,PER,0.8307637
p520_1,328,334,Romani,LOC,0.8531319
p520_1,508,515,Francia,LOC,0.9771478
p520_1,520,526,Spagna,LOC,0.9868852
p520_1,613,620,Francia,LOC,0.99706906
p3682_1,480,484,Lupo,PER,0.42492914
p3682_1,817,819,Sp,PER,0.4771132
p3682_1,823,824,##i,PER,0.58535737
p3682_1,835,837,Ve,PER,0.319317
p4382_1,111,117,Pindem,PER,0.7498938
p4382_1,216,228,Payne Knight,PER,0.9878048
p4382_1,803,808,Circe,PER,0.6528393
p4382_1,823,827,Sole,PER,0.6894507
p4382_1,833,835,Ci,PER,0.7276634
p4030_5,0,8,Faventia,LOC,0.8746167
p4030_5,11,17,Faenza,LOC,0.9820244
p4030_5,39,41,Fa,LOC,0.63651603
p4030_5,75,77,Fa,LOC,0.72625196
p4030_5,100,104,Faye,LOC,0.6155886
p4030_5,112,118,Faenza,LOC,0.99037504
p4030_5,138,145,Francia,LOC,0.99888426
p4030_5,152,154,Fa,LOC,0.8488022
p2709_1,473,481,Cartesio,PER,0.98140675
p2709_1,484,490,Newton,PER,0.996894
p2709_1,1309,1316,Wieland,PER,0.68368936
p4124_7,19,26,Apollon,PER,0.89838964
p4237_4,255,263,Recanati,LOC,0.88812995
p943_1,288,293,Bayer,PER,0.96031106
p943_1,312,320,Fourmont,PER,0.9456715
p943_1,475,481,Annali,PER,0.7708309
p943_1,675,681,Annali,PER,0.76663685
p1818_1,675,688,V. Forcellini,PER,0.984704
p4030_10,11,18,Erodoto,PER,0.9766867
p4030_10,135,141,Palmer,PER,0.71422863
p4030_10,162,171,Herodotus,PER,0.5399854
p4030_10,187,194,Luciano,PER,0.97286135
p2054_2,762,770,Montibus,PER,0.4007635
p239_2,17,37,M. Tullio pro Archia,PER,0.9830933
p239_2,517,525,Cicerone,PER,0.9963051
p239_2,1205,1213,Svizzera,LOC,0.9983748
p4219_1,16,24,Damascio,PER,0.8912831
p4219_1,111,118,Isidoro,PER,0.97919154
p4219_1,560,562,Ol,PER,0.46859846
p4219_1,850,860,Aristoteli,PER,0.93896407
p4219_1,1091,1099,Platonis,PER,0.7855351
p4219_1,1146,1154,Pindarus,PER,0.95092773
p4219_1,1258,1266,Platonis,PER,0.7638975
p4046_3,433,436,Sui,LOC,0.3278557
p2402_2,73,85,Dione Cassio,PER,0.9846364
p4327_1,89,93,Wolf,PER,0.9974367
p4327_1,99,105,Müller,PER,0.9971284
p4327_1,179,184,Omero,PER,0.9932029
p4327_1,481,489,Virgilio,PER,0.99555653
p4327_1,495,500,Tasso,PER,0.96391714
p4327_1,754,759,Omero,PER,0.9825051
p4327_1,956,960,Wolf,PER,0.99731773
p4327_1,966,972,Müller,PER,0.9968712
p4327_1,1234,1239,Omero,PER,0.9909086
p4327_1,1320,1327,Firenze,LOC,0.81741285
p1579_1,86,87,V,PER,0.9247597
p1579_1,89,96,Lavater,PER,0.9206848
p553_2,753,761,American,LOC,0.38041782
p553_2,893,899,German,LOC,0.35718724
p553_2,912,918,Tacito,PER,0.9930162
p553_2,940,945,Celti,LOC,0.6428932
p553_2,957,963,Ossian,PER,0.9818015
p553_2,982,989,Omerici,PER,0.55158746
p553_2,1299,1300,V,PER,0.7179108
p553_2,1302,1308,Goguet,PER,0.93159956
p911_1,241,245,Ling,PER,0.4979448
p911_1,265,273,Rousseau,PER,0.9901642
p911_1,437,445,Rousseau,PER,0.99519354
p595_1,241,245,Tite,PER,0.88584673
p595_1,357,362,Ennio,PER,0.95135343
p595_1,370,372,Ci,PER,0.33779207
p595_1,412,422,Forcellini,PER,0.5878912
p595_1,465,473,Virgilio,PER,0.99334943
p595_1,486,492,Stazio,PER,0.97448224
p4388_2,392,400,Virgilio,PER,0.9981489
p4388_2,474,483,Raffaello,PER,0.9915611
p1655_2,38,40,Sc,PER,0.39037728
p1655_2,477,485,Cartesio,PER,0.98810035
p1655_2,493,499,Dutens,PER,0.7943648
p4126_1,134,144,V. Forcell,PER,0.7808131
p4259_4,36,43,Bartoli,PER,0.9925785
p4259_4,73,77,Roma,LOC,0.9653032
p2705_2,33,42,Perticari,PER,0.64305663
p63_4,232,239,Amadria,PER,0.6171315
p63_4,266,270,Pane,PER,0.7370284
p63_4,375,381,Naiadi,LOC,0.8326783
p63_4,493,502,Ciparisso,PER,0.7394274
p2965_1,966,973,Alfieri,PER,0.954175
p2139_1,141,145,Voss,PER,0.5987512
p2139_1,188,194,Servio,PER,0.5977058
p2139_1,1632,1638,Grecia,LOC,0.9449908
p2139_1,1642,1647,Lazio,LOC,0.9883575
p1209_2,92,100,Petrarca,PER,0.9939027
p4025_5,53,59,Crusca,LOC,0.61283594
p3494_1,47,50,Dei,PER,0.49536827
p3494_1,255,258,Dei,PER,0.5089655
p3494_1,441,444,Dei,PER,0.571051
p3494_1,1512,1519,Forcell,PER,0.57185364
p3494_1,1669,1679,Forcellini,PER,0.79775995
p3494_1,1683,1687,Nymp,PER,0.6758981
p3494_1,1737,1743,Ercole,PER,0.9523919
p3494_1,1757,1779,Luciano Dial. d'Ercole,PER,0.85648036
p3494_1,1782,1789,Diogene,PER,0.9556992
p392_1,343,348,Dante,PER,0.99717486
p392_1,354,362,Petrarca,PER,0.9918817
p392_1,776,782,Cosimo,PER,0.9989017
p392_1,785,803,Lorenzo de'Medici,PER,0.999421
p392_1,915,922,Leon X.,PER,0.9905844
p392_1,1186,1193,Alfieri,PER,0.9864525
p2367_2,20,24,Nate,PER,0.679681
p2367_2,133,146,Regia Parnasi,LOC,0.7057823
p4201_5,22,26,Caro,PER,0.40266895
p4122_6,60,68,Recanati,LOC,0.9545056
p4460_6,14,36,Dionisio d'Alicarnasso,PER,0.9996457
p4460_6,104,110,Romani,LOC,0.81505245
p205_1,0,6,Ossian,PER,0.91562974
p205_1,69,81,V. Cesarotti,PER,0.8645494
p4102_5,280,287,Moliere,PER,0.56943023
p4102_5,592,600,Recanati,LOC,0.8383222
p4482_2,624,626,Or,PER,0.35270667
p4482_2,942,944,Io,PER,0.9211624
p4482_2,946,952,Drusio,PER,0.93159175
p1415_2,1107,1118,La Fontaine,PER,0.9968066
p1415_2,1159,1166,Fénélon,PER,0.9782972
p1415_2,1178,1185,Bossuet,PER,0.99411225
p4062_3,42,48,Lucian,PER,0.97623426
p1760_1,44,49,Rocca,LOC,0.53650665
p1760_1,117,124,Ispagna,LOC,0.97516656
p1760_1,323,330,Ispagna,LOC,0.968921
p1760_1,566,572,Milano,LOC,0.9790684
p1760_1,574,581,Pirotta,LOC,0.4889762
p1760_1,590,602,A. F. Stella,PER,0.8744499
p1858_1,20,29,Copernico,PER,0.97248316
p1858_1,279,288,Pittagora,PER,0.87071925
p1858_1,292,309,Aristarco di Samo,PER,0.97902524
p1858_1,315,328,Card. di Cusa,PER,0.8117259
p4140_3,26,27,C,PER,0.44244558
p1312_2,285,291,Orazio,PER,0.829602
p1312_2,741,746,Celso,PER,0.9749367
p1312_2,766,773,Galileo,PER,0.9982048
p4163_9,132,149,Augustin de Roxas,PER,0.9997295
p4163_9,171,178,Bologna,LOC,0.99742234
p983_1,44,54,Costantino,PER,0.9819765
p983_1,61,76,Corte Bizantina,LOC,0.76195973
p983_1,129,142,S. Crisostomo,PER,0.96312755
p983_1,207,212,Paris,LOC,0.8370831
p983_1,226,232,Montfa,LOC,0.6084917
p983_1,307,318,Giustiniano,PER,0.9744625
p983_1,374,380,Grecia,LOC,0.95396507
p983_1,467,481,Costantinopoli,LOC,0.9922188
p2631_1,286,293,Luciano,PER,0.99820983
p2631_1,295,302,Longino,PER,0.9860221
p2631_1,388,406,Isocrate Senofonte,PER,0.9936466
p4153_2,15,16,V,PER,0.42409995
p1028_3,47,53,Andrès,PER,0.93227196
p1028_3,138,145,Venezia,LOC,0.988352
p2371_1,958,967,Senofonte,PER,0.9848969
p1098_1,52,57,Monti,PER,0.6253735
p981_1,228,235,Longino,PER,0.9920889
p981_1,271,279,Cicerone,PER,0.9955025
p981_1,286,294,Plutarco,PER,0.99527544
p981_1,329,334,##stene,PER,0.639181
p981_1,354,358,Toup,PER,0.5486944
p981_1,362,368,Longin,PER,0.8729356
p981_1,628,638,Mingarelli,PER,0.94553405
p981_1,654,673,Didimo Alessandrino,PER,0.9862214
p981_1,675,682,Teologo,PER,0.536766
p981_1,807,812,Didym,PER,0.6329949
p981_1,819,822,##ndr,PER,0.62838924
p981_1,854,858,Bono,PER,0.46648055
p981_1,867,873,Laelii,PER,0.5604115
p981_1,876,881,Vulpe,LOC,0.6390334
p981_1,919,946,Johannis Aloysii Mingarelli,PER,0.8854134
p981_1,1070,1077,Venezia,LOC,0.9798728
p981_1,1737,1747,Costantino,PER,0.9557402
p981_1,1775,1781,Grecia,LOC,0.6252699
p981_1,1792,1798,Romani,LOC,0.4577309
p212_3,313,324,Montesquieu,PER,0.9957412
p735_1,388,398,Costantino,PER,0.99181926
p735_1,418,428,S. Basilio,PER,0.9401877
p735_1,431,444,S. Crisostomo,PER,0.9524811
p1260_2,156,163,Alfieri,PER,0.979692
p697_1,1075,1079,Bald,PER,0.68379277
p697_1,1098,1101,Per,PER,0.5803049
p3702_2,0,6,Adoleo,PER,0.7578131
p3702_2,93,99,Adoleo,PER,0.6901399
p3595_1,61,72,Gerusalemme,LOC,0.9834242
p3595_1,293,298,Dante,PER,0.8992591
p3595_1,783,785,Er,PER,0.6562773
p3595_1,982,993,Gerusalemme,LOC,0.98566264
p3595_1,1163,1171,Goffredo,PER,0.9478983
p3595_1,1174,1181,Rinaldo,PER,0.9509812
p3595_1,1214,1216,Er,PER,0.6310979
p3595_1,1285,1296,Gerusalemme,LOC,0.97115475
p3595_1,1351,1353,Er,PER,0.63217944
p3595_1,1440,1444,Eroe,PER,0.8452604
p3595_1,1515,1526,Gerusalemme,LOC,0.97137666
p3060_2,0,3,Por,LOC,0.5646773
p3060_2,91,96,Porgo,LOC,0.90783226
p3060_2,119,123,Fest,LOC,0.46034467
p1153_1,507,512,Force,PER,0.4010697
p1153_1,519,523,Cave,PER,0.43570828
p1153_1,778,787,Prisciano,PER,0.9729369
p1980_1,393,394,V,PER,0.69296646
p1980_1,396,401,Celso,PER,0.7893573
p4478_1,28,31,Dei,PER,0.7301123
p4478_1,63,68,Omero,PER,0.98873246
p4478_1,87,94,Erodoto,PER,0.98474264
p4478_1,369,375,Grecia,LOC,0.9717001
p4478_1,537,543,Grecia,LOC,0.98341817
p4478_1,555,569,Policrate sami,PER,0.85581565
p4478_1,576,583,Erodoto,PER,0.9600751
p206_3,67,74,Chilone,PER,0.7393187
p206_3,84,86,La,LOC,0.4129546
p206_3,164,166,Is,PER,0.82051194
p206_3,168,177,Casaubono,PER,0.7395296
p206_3,181,183,La,LOC,0.5442726
p206_3,193,197,Pole,PER,0.3946065
p3004_1,145,151,Seneca,PER,0.9873576
p3004_1,645,651,Seneca,PER,0.98119235
p3004_1,694,703,Claudiano,PER,0.80938137
p9_2,292,297,Omero,PER,0.9941473
p9_2,1439,1445,Orazio,PER,0.9577738
p9_2,1447,1453,Horace,PER,0.92353046
p9_2,1628,1635,Classic,PER,0.32736593
p9_2,1859,1870,Omero Dante,PER,0.73815656
p3326_1,98,103,Luigi,PER,0.9812076
p4010_4,163,166,App,PER,0.7461705
p4010_4,168,174,Ateneo,PER,0.64325
p4010_4,379,383,Crus,LOC,0.48185432
p683_1,23,40,Antonio Giacomini,PER,0.9997734
p683_1,440,452,Iacopo Nardi,PER,0.9672321
p683_1,461,478,Antonio Giacomini,PER,0.8073559
p683_1,480,485,Lucca,LOC,0.9961333
p683_1,491,508,Francesco Bertini,PER,0.99940324
p3577_1,728,742,Mons. de Pradt,PER,0.96815956
p3577_1,775,781,Africa,LOC,0.9955852
p4196_1,102,108,Sueton,PER,0.78295475
p4196_1,131,141,Forcellini,PER,0.72986007
p3761_2,84,91,Arriano,PER,0.95632386
p3761_2,235,236,V,PER,0.69795907
p3761_2,238,245,Forcell,PER,0.5690996
p2987_1,215,230,Bastian Borrego,PER,0.99819535
p329_1,165,171,Pascal,PER,0.99634945
p329_1,1040,1048,Maometto,PER,0.9918267
p329_1,1128,1134,Lutero,PER,0.9917713
p329_1,1177,1179,Al,LOC,0.3669384
p4177_3,61,67,Petrar,PER,0.9535492
p4177_3,169,177,Petrarca,PER,0.9690496
p1324_1,877,882,Dante,PER,0.9975898
p2825_2,388,396,Eustazio,PER,0.98422647
p2825_2,535,543,Epifanio,PER,0.924953
p2825_2,559,568,Mustoxidi,PER,0.937494
p2825_2,577,582,Scinà,PER,0.9281216
p2825_2,1248,1249,G,LOC,0.34122953
p4030_9,47,54,Luciano,PER,0.9236172
p4030_9,73,80,Erodoto,PER,0.8796417
p4030_9,117,119,Sc,PER,0.43710893
p4140_1,80,97,S. Gio. Gualberto,PER,0.7074801
p3960_2,88,97,Cervantes,PER,0.98234504
p3960_2,99,109,D. Quijote,PER,0.86208236
p3134_1,116,121,Omero,PER,0.9813193
p3134_1,1594,1602,Virgilio,PER,0.9954273
p3134_1,1627,1631,Enea,PER,0.9806376
p3134_1,1668,1675,Achille,PER,0.99751186
p3134_1,1736,1744,Virgilio,PER,0.99587154
p3134_1,1802,1807,Omero,PER,0.99543387
p4449_2,23,33,Pindemonte,PER,0.9867274
p4449_2,88,94,Ettore,PER,0.9748684
p2715_1,0,9,Perticari,PER,0.8689856
p3058_1,218,224,Ciampi,PER,0.9487068
p3058_1,249,257,Varsavia,LOC,0.99356467
p44_1,177,185,Plutarco,PER,0.99550873
p44_1,204,213,Demostene,PER,0.83176607
p44_1,217,224,Longino,PER,0.9869255
p44_1,239,241,Ci,PER,0.8345278
p2821_3,21,26,Festo,PER,0.9075294
p2821_3,43,49,Catone,PER,0.97031796
p2821_3,1327,1332,Festo,PER,0.8820791
p2821_3,1376,1382,Catone,PER,0.9723766
p2821_3,1463,1469,Catone,PER,0.95234686
p4326_2,24,29,Omero,PER,0.98098934
p4326_2,376,381,Omero,PER,0.98853254
p4326_2,729,734,Omero,PER,0.99078137
p4326_2,930,935,Omero,PER,0.9907807
p942_1,169,177,Staunton,PER,0.75293845
p942_1,191,193,Ta,PER,0.5122938
p942_1,194,199,Tsing,PER,0.33669856
p942_1,200,203,Leu,PER,0.33909008
p942_1,204,207,Lee,PER,0.3199037
p942_1,347,354,Rèmusat,PER,0.8243202
p942_1,1563,1567,Abel,PER,0.9516879
p942_1,1568,1575,Rèmusat,PER,0.8112812
p942_1,1625,1630,Paris,LOC,0.60247463
p942_1,1793,1796,Dot,PER,0.5999748
p942_1,1799,1804,Hager,PER,0.53189135
p4183_2,194,198,Casa,PER,0.34247962
p4183_2,205,212,Athenae,LOC,0.48013803
p4183_2,234,241,Addenda,LOC,0.4136262
p4183_2,310,317,Bologna,LOC,0.9913073
p4183_2,876,880,Casa,PER,0.3410209
p4041_6,112,117,Omero,PER,0.99704206
p4041_6,185,188,Sen,PER,0.74757427
p4041_6,284,289,Omero,PER,0.99465036
p4519_3,215,222,Niebuhr,PER,0.92598104
p4519_3,592,601,Pontedera,PER,0.6082584
p4519_3,786,793,Niebuhr,PER,0.9080408
p4519_3,871,872,T,LOC,0.3046914
p3797_1,1448,1455,America,LOC,0.9816027
p3797_1,1459,1470,meridionale,LOC,0.5667083
p3797_1,1773,1779,Plinio,PER,0.9916073
p4180_1,31,39,Casaubon,PER,0.9651351
p4180_1,53,59,Athena,PER,0.4702715
p4232_2,13,26,V. Forcellini,PER,0.88926935
p4007_6,42,46,Scap,PER,0.40409932
p4228_4,61,71,Artemidoro,PER,0.9731012
p4228_4,123,124,V,PER,0.6535176
p4228_4,126,133,Tassoni,PER,0.9399377
p324_5,36,45,Teofrasto,PER,0.9573357
p324_5,571,580,Massillon,LOC,0.34226787
p324_5,596,605,Teofrasto,PER,0.93339765
p324_5,654,662,Plutarco,PER,0.978924
p324_5,673,677,Colo,PER,0.43586314
p324_5,764,772,Fabricio,PER,0.9625397
p3984_1,37,38,V,PER,0.6932198
p3984_1,40,44,Forc,PER,0.49623346
p2360_1,38,43,Julus,PER,0.73507696
p2360_1,45,51,Sidoni,PER,0.4492598
p2360_1,85,89,Dido,PER,0.93343484
p2360_1,268,275,Sidonio,PER,0.87840885
p2360_1,499,507,Virgilio,PER,0.9967521
p2360_1,516,520,Come,PER,0.3112169
p2360_1,557,565,Virgilio,PER,0.9921254
p1346_2,350,355,Aegle,LOC,0.76458293
p4110_4,156,161,Force,PER,0.38644868
p4092_1,369,375,Buffon,PER,0.6599631
p4092_1,809,815,Buffon,PER,0.63020617
p4467_2,14,23,Senofonte,PER,0.98186094
p4467_2,29,32,Ana,PER,0.40142393
p4467_2,328,335,Anabasi,LOC,0.40436628
p4467_2,368,377,Senofonte,PER,0.98929054
p4467_2,455,462,Erodoto,PER,0.9915654
p4467_2,467,469,Le,PER,0.7517428
p4151_8,40,42,##ll,PER,0.47649392
p2865_1,78,83,Floro,LOC,0.87987745
p2865_1,171,187,Giusto de'Conti,PER,0.9222372
p2865_1,220,238,Angelo di Costanzo,PER,0.94662917
p2865_1,440,441,C,LOC,0.48186687
p2865_1,474,475,G,LOC,0.50298995
p3039_1,578,579,S,PER,0.54547197
p3624_2,208,218,Forcellini,PER,0.4632079
p3624_2,222,226,Fuam,LOC,0.5782651
p4473_8,52,54,ap,PER,0.5612493
p4473_8,56,61,Orell,PER,0.78878367
p993_1,882,889,Sicilia,LOC,0.9824786
p993_1,1084,1090,Gallie,LOC,0.9296294
p993_1,1290,1296,Cesena,LOC,0.93142915
p993_1,1321,1324,Cav,PER,0.49532872
p993_1,1326,1335,Angiolini,PER,0.6562984
p993_1,1379,1386,Scozzes,LOC,0.66112226
p993_1,1459,1465,Scozia,LOC,0.89546496
p993_1,1470,1476,Olanda,LOC,0.75281227
p993_1,1488,1495,Firenze,LOC,0.8805694
p993_1,1502,1509,Allegri,PER,0.5411562
p993_1,1534,1537,Cav,PER,0.51432586
p993_1,1539,1548,Angiolini,PER,0.5913246
p993_1,1645,1650,Bardi,LOC,0.5074214
p993_1,1732,1738,Romani,LOC,0.58236617
p4018_7,584,591,Luciano,PER,0.9515881
p4018_7,885,892,Esichio,PER,0.9745693
p1_4,75,81,Cesare,PER,0.7190572
p1_4,84,87,Gio,PER,0.47822714
p126_1,6,13,Arriano,PER,0.9781862
p126_1,40,49,Senofonte,PER,0.97516567
p126_1,306,314,Tucidide,PER,0.98749465
p126_1,351,360,Senofonte,PER,0.9853919
p126_1,443,452,Senofonte,PER,0.9837098
p126_1,511,520,Senofonte,PER,0.9842138
p126_1,640,647,Arriano,PER,0.9871023
p126_1,685,694,Senofonte,PER,0.98507255
p3132_2,186,191,Omero,PER,0.99917686
p3132_2,236,244,Virgilio,PER,0.99929297
p2028_1,73,74,V,PER,0.89846855
p2028_1,76,96,Staël De l'Allemagne,PER,0.9020714
p3071_1,127,129,Co,LOC,0.44213742
p3071_1,143,146,Cic,LOC,0.637727
p3071_1,249,253,Rich,PER,0.37964976
p3071_1,529,535,Gellio,PER,0.9656262
p1847_1,1099,1103,Nord,LOC,0.62426656
p1847_1,1213,1223,Lord Byron,PER,0.9986639
p1847_1,1262,1272,Aristotele,PER,0.98901254
p1366_1,14,19,Dante,PER,0.99364966
p1366_1,21,32,Petr. Bocc.,PER,0.7850578
p1366_1,293,298,Omero,PER,0.96485734
p1366_1,323,329,Grecia,LOC,0.9580107
p1366_1,511,516,Omero,PER,0.9594314
p1366_1,547,552,Monti,PER,0.47500274
p1366_1,571,579,Frullone,PER,0.5393097
p1366_1,684,689,Omero,PER,0.92191905
p1366_1,723,728,Dante,PER,0.93406165
p1366_1,737,742,Dante,PER,0.96021324
p1366_1,781,786,Omero,PER,0.9731822
p601_2,5,9,Cato,PER,0.8686605
p601_2,22,25,Sen,PER,0.7025543
p4239_2,59,63,Crus,LOC,0.57124645
p4239_2,81,88,Forcell,PER,0.6299442
p3106_1,53,58,Omero,PER,0.90494263
p860_1,1534,1540,Cesare,PER,0.9924575
p860_1,1542,1557,Cornelio Nipote,PER,0.99530274
p860_1,1573,1578,Celso,PER,0.96137476
p3986_1,29,34,Festo,PER,0.91460145
p3986_1,179,184,Festo,PER,0.8899183
p3986_1,447,450,Ver,PER,0.6882093
p3986_1,527,530,Mem,PER,0.7126359
p510_1,6,10,Flor,PER,0.57505536
p510_1,112,119,Raudium,PER,0.68870074
p3967_1,65,76,Hippocrates,PER,0.9494683
p3967_1,305,314,Ippocrate,PER,0.94210184
p4101_5,73,79,Donato,LOC,0.80478215
p4101_5,83,89,Terent,LOC,0.6994525
p4101_5,129,131,Da,PER,0.68745595
p4101_5,148,150,Da,PER,0.67290217
p4101_5,230,235,Lucia,PER,0.7860479
p4101_5,284,285,G,LOC,0.5805667
p4426_1,21,26,Dante,PER,0.9909588
p4426_1,49,54,Monti,PER,0.47005737
p4426_1,200,205,Dante,PER,0.987894
p4426_1,262,267,Dante,PER,0.98418957
p4426_1,276,284,Rousseau,PER,0.99684
p4426_1,341,343,Fi,PER,0.42156357
p966_2,93,100,Europea,LOC,0.76357484
p966_2,269,277,Giordani,PER,0.98538464
p4101_2,20,27,Luciano,PER,0.95608497
p4101_2,44,50,Giugno,LOC,0.47567466
p453_2,299,302,Dei,PER,0.673877
p453_2,538,541,Dei,PER,0.6350356
p453_2,709,718,Velleio I,PER,0.8786154
p453_2,730,742,Paolo Emilio,PER,0.9954601
p453_2,900,920,Dionigi Alicarnasseo,PER,0.9779752
p453_2,953,959,Milano,LOC,0.99793255
p1848_1,345,351,Grecia,LOC,0.99099296
p1848_1,353,359,Egitto,LOC,0.99319345
p1848_1,361,366,India,LOC,0.9926973
p1848_1,372,376,Arab,LOC,0.5250086
p1848_1,383,390,Italian,LOC,0.48500496
p1848_1,435,443,Salomone,PER,0.9760307
p1848_1,460,465,Sirac,PER,0.958387
p1848_1,495,502,Oriente,LOC,0.9294083
p1848_1,636,644,Confucio,PER,0.9433582
p1848_1,825,831,Seneca,PER,0.9934471
p1848_1,833,839,Lucano,PER,0.9832238
p1848_1,860,871,Quintiliano,PER,0.8203899
p1848_1,899,901,Af,LOC,0.51989245
p1848_1,909,920,Tertulliano,PER,0.9227603
p1848_1,922,933,S. Agostino,PER,0.79816157
p1848_1,975,992,Arnobio Affricano,PER,0.984449
p1848_1,996,1005,Lattanzio,PER,0.9164698
p1848_1,1175,1181,Chiesa,LOC,0.33852765
p1848_1,1219,1225,Grecia,LOC,0.71696556
p1848_1,1346,1355,Palestina,LOC,0.95845115
p1848_1,1448,1452,Asia,LOC,0.9660582
p1848_1,1459,1466,Affrica,LOC,0.79898465
p2982_1,36,41,Omero,PER,0.99225193
p2982_1,646,651,Omero,PER,0.9877671
p4200_5,65,69,Caro,PER,0.92785364
p4200_5,209,213,Cioè,PER,0.6840804
p4200_5,243,248,Monti,PER,0.7069109
p4200_5,296,301,Dafni,PER,0.74773175
p4200_5,494,505,Fozio Bibli,PER,0.8764123
p4200_5,553,574,Dionigi d'Alicarnasso,PER,0.98905885
p1812_2,328,336,Luigi 14,PER,0.86522007
p4160_10,435,440,Tasso,PER,0.9262247
p4160_10,1515,1522,Bologna,LOC,0.9748478
p3835_1,195,208,Re di Prussia,PER,0.6853121
p1179_1,1348,1356,Voltaire,PER,0.996621
p1179_1,1819,1824,China,LOC,0.93946815
p4046_4,77,84,Luciano,PER,0.954419
p4046_4,108,111,Pol,PER,0.4935337
p4046_4,180,190,Forcellini,PER,0.6728355
p4144_4,163,171,Epitteto,PER,0.8960374
p4144_4,229,236,Atenies,LOC,0.76428974
p4144_4,278,297,Teofrasto Caratteri,PER,0.955545
p4144_4,310,313,Ter,PER,0.8136117
p4144_4,318,324,Eunuch,PER,0.5562253
p4144_4,336,338,Au,PER,0.598255
p4144_4,346,350,Here,PER,0.40931496
p4144_4,362,385,Visconti Museo Pio Clem,LOC,0.8223344
p4144_4,433,438,Negro,PER,0.87150496
p4144_4,554,575,Simposio di Senofonte,LOC,0.6309872
p4291_2,8,13,Staël,PER,0.5182603
p4291_2,558,565,Platone,PER,0.99612284
p4291_2,1055,1062,Firenze,LOC,0.9538613
p4165_4,167,168,I,PER,0.6087814
p4170_2,41,55,Monti Proposta,LOC,0.9744318
p4170_2,60,67,Restare,LOC,0.95585847
p4150_1,370,377,Bologna,LOC,0.9982242
p57_5,154,173,Cleopatra Mitridate,PER,0.9953084
p3896_1,99,101,Ve,PER,0.613951
p3896_1,104,106,##ri,PER,0.40029395
p3896_1,121,124,Ari,PER,0.8471004
p3896_1,203,209,Aristo,PER,0.7730431
p3704_1,302,306,Cret,PER,0.30613533
p4510_1,970,990,Stratone da Lampasco,PER,0.89247406
p4125_4,10,18,Antigono,LOC,0.78416157
p2442_1,102,108,Plauto,PER,0.98707837
p2442_1,114,124,Forcellini,LOC,0.53414077
p4165_16,61,64,Ter,PER,0.72035843
p4165_16,103,110,Bologna,LOC,0.9985374
p2395_2,56,59,Bot,PER,0.5164605
p86_1,8,13,Staël,PER,0.6986055
p86_1,64,69,Niobé,PER,0.9105914
p3997_3,555,563,Simonide,PER,0.99527943
p13_1,348,351,Ato,PER,0.9129269
p13_1,357,363,Rodope,PER,0.8933521
p13_1,443,447,Capo,PER,0.7720259
p13_1,495,498,Dio,PER,0.875882
p13_1,863,864,G,PER,0.76101685
p13_1,903,905,Ol,PER,0.59619683
p13_1,916,923,Nettuno,PER,0.50562567
p13_1,979,984,Marte,PER,0.82024956
p13_1,1087,1092,Greco,PER,0.5767722
p13_1,1139,1142,Dio,PER,0.90876955
p2199_1,399,407,Terenzio,PER,0.71414995
p2199_1,528,531,Mus,PER,0.49653587
p2199_1,535,537,Mu,PER,0.4484141
p2199_1,542,544,Mu,PER,0.4639094
p2199_1,601,604,Mus,PER,0.6019718
p2199_1,652,654,Mu,PER,0.5850058
p4103_2,225,232,Gonzaga,PER,0.5974916
p4352_3,37,45,Milziade,PER,0.9357462
p4352_3,48,56,Maratona,LOC,0.9886854
p4352_3,76,85,Termopoli,LOC,0.9691077
p4352_3,192,199,Filippo,PER,0.998106
p4352_3,203,213,Alessandro,PER,0.9768208
p2009_1,801,809,Lucrezio,PER,0.9277032
p2009_1,878,884,Lucrez,PER,0.65393674
p186_1,26,37,Montesquieu,PER,0.99774283
p4192_1,13,18,Bayle,PER,0.65689087
p4192_1,1250,1257,Bologna,LOC,0.9868412
p2595_1,58,65,Alfieri,PER,0.941608
p324_1,126,133,Francia,LOC,0.9996044
p324_1,137,142,Luigi,PER,0.8900109
p324_1,281,286,Luigi,PER,0.91912305
p324_1,400,407,Fénélon,PER,0.9585525
p2363_2,256,263,Alfieri,PER,0.98022103
p2363_2,265,272,Foscolo,PER,0.94191337
p2363_2,281,287,Parini,PER,0.9262505
p2363_2,395,401,Parini,PER,0.93803096
p4245_8,37,43,Ateneo,PER,0.982005
p4245_8,49,56,Lessici,PER,0.4999879
p2699_1,960,963,Per,PER,0.30550298
p2699_1,982,987,Dante,PER,0.5007573
p3137_2,98,103,Omero,PER,0.9753622
p3137_2,149,153,Eroe,PER,0.75075024
p3137_2,252,257,Omero,PER,0.94312775
p3137_2,409,413,Eroe,PER,0.85177195
p3137_2,434,441,Dottori,PER,0.4720847
p3137_2,1133,1138,Omero,PER,0.9847586
p1176_2,316,322,Pascal,PER,0.9638555
p1176_2,404,412,Ermogene,PER,0.9602384
p1176_2,614,622,Genetlio,PER,0.81800556
p1176_2,636,651,Esichio Milesio,PER,0.9619626
p1176_2,654,659,Suida,PER,0.94232774
p1176_2,926,937,Cancellieri,PER,0.5316299
p1176_2,1293,1303,Chatterton,PER,0.74714595
p1176_2,1338,1340,Sp,PER,0.40768182
p1176_2,1352,1358,Milano,LOC,0.5830027
p3357_3,4,8,Medi,PER,0.4429178
p3357_3,435,437,Sc,PER,0.426258
p3167_1,876,881,Omero,PER,0.9902959
p4241_2,0,11,Spruzzolare,LOC,0.5692263
p4241_2,13,27,Avvolticchiare,LOC,0.5754357
p4241_2,29,42,Svolticchiare,LOC,0.6225389
p4241_2,44,53,Magalotti,LOC,0.5602083
p56_1,1780,1788,Rousseau,PER,0.99343926
p56_1,1944,1950,Verter,PER,0.98516846
p2495_1,176,180,Pero,PER,0.7174367
p2495_1,679,680,G,LOC,0.6107405
p1140_1,218,226,Virgilio,PER,0.9926237
p1140_1,256,260,Enea,PER,0.9718605
p1140_1,299,305,Priamo,LOC,0.9765085
p1140_1,400,402,Te,PER,0.5576137
p1140_1,1048,1056,Virgilio,PER,0.99541026
p1140_1,1215,1223,Virgilio,PER,0.9951201
p1140_1,1500,1508,Virgilio,PER,0.9773401
p2624_2,70,79,Pontedera,PER,0.7576375
p2624_2,150,153,Pat,PER,0.5687892
p2624_2,157,163,Manfrè,PER,0.4542993
p2624_2,171,178,Seminar,LOC,0.34345958
p2624_2,242,243,B,PER,0.39863914
p2624_2,283,286,Lan,PER,0.5353564
p472_1,0,7,Velleio,PER,0.69035816
p472_1,40,48,Caesaris,PER,0.8837216
p472_1,214,219,Asiae,LOC,0.8106798
p472_1,233,242,Macedonia,LOC,0.9503184
p472_1,348,353,Velle,PER,0.50702447
p472_1,426,435,Macedonia,LOC,0.9781356
p4494_1,820,825,Carlo,PER,0.9546625
p4494_1,835,841,Svezia,LOC,0.6277322
p4494_1,856,865,Stralsund,LOC,0.9770055
p4494_1,871,879,Voltaire,PER,0.96245503
p4494_1,893,895,Lo,PER,0.49866894
p4226_1,28,31,Fra,PER,0.5411618
p4226_1,35,42,Teletis,PER,0.83889085
p4226_1,154,159,Basil,PER,0.65415156
p4226_1,178,194,Mannuccii Adagia,PER,0.60386115
p4226_1,196,200,Vene,LOC,0.608781
p112_5,25,33,Petrarca,PER,0.9932902
p112_5,235,243,Petrarca,PER,0.99215984
p4356_2,512,520,Virgilio,PER,0.9956616
p1078_1,1025,1031,Frigia,LOC,0.9916513
p1078_1,1036,1040,Enea,LOC,0.9545269
p3400_1,363,367,Anna,PER,0.91565764
p3400_1,372,379,Svedese,LOC,0.7385454
p3400_1,659,665,Ossian,PER,0.9282403
p3400_1,681,692,Shakespeare,PER,0.99587196
p3400_1,1017,1024,Svedese,LOC,0.52233535
p3400_1,1026,1030,Dane,LOC,0.42416635
p3400_1,1064,1069,Staël,PER,0.7921791
p3400_1,1089,1097,Alemagna,PER,0.43985566
p4405_1,174,186,Argentoraten,LOC,0.70769596
p4405_1,190,197,Erodoto,PER,0.82481855
p4405_1,218,220,Sc,PER,0.5477029
p3420_2,63,68,Floro,PER,0.9747681
p3420_2,110,117,Platone,PER,0.9896673
p3420_2,193,194,P,PER,0.56935203
p3420_2,252,254,Fa,PER,0.6230744
p3420_2,269,272,Pla,PER,0.35616797
p3420_2,457,462,Plato,PER,0.9199431
p3420_2,467,469,Ci,PER,0.40726462
p3420_2,475,478,Ora,PER,0.42009214
p3420_2,676,683,Platone,PER,0.9861647
p4379_1,14,19,Heyne,PER,0.97762054
p4379_1,49,54,Omero,PER,0.95101327
p4379_1,161,167,Wolfio,PER,0.9559828
p4379_1,187,192,Heyne,PER,0.9817661
p4379_1,258,270,Payne Knight,PER,0.9854394
p4379_1,295,300,Omero,PER,0.9711527
p4379_1,316,319,Oct,PER,0.49277735
p4379_1,377,382,Tisam,PER,0.6760267
p4379_1,481,484,Dor,PER,0.62172467
p4379_1,799,806,Doriesi,PER,0.6417793
p4379_1,841,846,Greco,PER,0.34439656
p4379_1,865,876,Asia minore,LOC,0.79812527
p4379_1,1363,1370,Capponi,PER,0.9056991
p4379_1,1435,1447,Payne Knight,PER,0.95838803
p120_1,462,470,Cicerone,PER,0.9977423
p120_1,986,987,V,PER,0.6807565
p120_1,989,1000,Montesquieu,PER,0.84443694
p4414_3,22,28,Ossian,PER,0.9710924
p4414_3,75,80,Omero,PER,0.9888024
p4414_3,188,193,Omero,PER,0.9860866
p4414_3,421,426,Omero,PER,0.9894564
p4414_3,433,439,Esiodo,PER,0.97422117
p4414_3,454,457,Bat,PER,0.38525862
p4414_3,529,536,Erodoto,PER,0.9845883
p4414_3,589,594,Omero,PER,0.98916346
p4414_3,712,717,Omero,PER,0.9853818
p1558_2,12,17,Monti,PER,0.6815157
p1558_2,350,355,Monti,PER,0.82174575
p28_3,56,64,Manfredi,PER,0.87631154
p28_3,70,75,Zappi,PER,0.85730374
p28_3,145,154,Pindarici,PER,0.7543194
p28_3,157,164,Alcaici,PER,0.7590842
p28_3,167,176,Simonidei,PER,0.76169825
p28_3,180,188,Oraziani,PER,0.6840966
p28_3,196,202,Eroici,PER,0.58612615
p28_3,205,211,Morali,PER,0.6340112
p28_3,252,257,Chiab,LOC,0.56896925
p28_3,411,418,Pindaro,PER,0.7670889
p28_3,446,452,Orazio,PER,0.5786461
p28_3,470,478,Filicaja,PER,0.713123
p28_3,484,489,Guidi,PER,0.7310254
p2592_3,505,513,Cicerone,PER,0.99520504
p2592_3,985,992,Tolomei,PER,0.9808137
p2368_1,88,93,Force,PER,0.39205506
p2128_1,233,242,Demostene,PER,0.9373998
p2128_1,760,767,Francia,LOC,0.99961543
p2128_1,807,813,Grecia,LOC,0.9992993
p4015_2,48,54,Crusca,LOC,0.77948165
p4015_2,80,89,Cervantes,PER,0.83887565
p4015_2,231,236,Force,PER,0.7493056
p4015_2,261,267,Erratu,PER,0.55920684
p4015_2,334,339,Force,PER,0.6843372
p4015_2,411,414,For,LOC,0.39449686
p3023_1,22,40,Venanzio Fortunato,PER,0.9745879
p3023_1,56,57,G,PER,0.5187476
p3023_1,571,577,Venanz,PER,0.889627
p3023_1,579,585,Fortun,PER,0.6287544
p3023_1,656,663,Forcell,PER,0.565463
p3023_1,670,671,G,PER,0.64698964
p3125_1,43,48,Omero,PER,0.9522276
p3125_1,52,54,Er,PER,0.55395156
p3125_1,226,233,Achille,PER,0.98581356
p3125_1,706,712,Romani,LOC,0.62521434
p3125_1,770,776,Romani,LOC,0.6801344
p3125_1,829,834,Omero,PER,0.942405
p3125_1,847,853,Romani,LOC,0.68857896
p3125_1,908,912,Enea,PER,0.9345832
p3125_1,1060,1062,Lu,PER,0.6565336
p3125_1,1065,1067,##de,PER,0.48269358
p3125_1,1211,1213,En,PER,0.69431907
p3125_1,1216,1218,##de,PER,0.4448053
p3125_1,1261,1263,Er,PER,0.7462143
p3125_1,1519,1524,Omero,PER,0.951274
p3125_1,1562,1573,Gerusalemme,LOC,0.784883
p3125_1,1901,1909,Goffredo,PER,0.9511797
p2156_1,1002,1013,S. Flaviano,PER,0.7678902
p1021_2,346,353,Toscano,LOC,0.7657256
p1021_2,582,589,Goldoni,PER,0.92617136
p1021_2,596,600,Meli,PER,0.9178666
p2097_2,700,704,Anna,PER,0.98116094
p2097_2,749,760,Shakespeare,PER,0.9933507
p1138_2,25,30,Lanzi,PER,0.8525146
p1138_2,52,54,Et,LOC,0.3230719
p3057_2,127,133,Osbech,PER,0.68763703
p107_4,64,74,Alessandro,PER,0.9941415
p107_4,183,190,Moretum,LOC,0.9626092
p107_4,252,260,Teocrito,PER,0.97519517
p107_4,283,289,Fabric,PER,0.74351776
p2239_2,697,706,Demostene,PER,0.9923334
p2239_2,722,730,Cicerone,PER,0.99710625
p2239_2,839,848,Demostene,PER,0.9755159
p2239_2,877,885,Cicerone,PER,0.9978626
p3625_1,82,90,Titinnio,PER,0.9348793
p3625_1,99,104,Force,PER,0.3677767
p3625_1,226,234,Virgilio,PER,0.9865938
p3625_1,955,959,Voss,PER,0.6635632
p3625_1,1211,1219,Titinnio,PER,0.9213524
p3625_1,1376,1381,Force,PER,0.25173303
p4120_15,31,36,Lucia,PER,0.47382757
p465_1,0,2,Ve,PER,0.6039761
p465_1,44,50,Italia,LOC,0.8904255
p465_1,52,58,Antoni,PER,0.61217374
p465_1,109,117,Caesaris,PER,0.69086885
p465_1,165,175,Brundisium,LOC,0.90168095
p465_1,210,220,Brundisium,LOC,0.906853
p465_1,316,325,Brundisii,LOC,0.8768439
p465_1,412,420,Brindisi,LOC,0.97130466
p465_1,462,469,Velleio,PER,0.6155858
p465_1,494,502,Burmanno,PER,0.5478516
p465_1,522,524,Lu,LOC,0.3239909
p465_1,543,546,Sam,PER,0.6492013
p465_1,548,553,Lucht,PER,0.41188064
p465_1,583,591,Brundisi,LOC,0.4724169
p323_1,486,491,Staël,PER,0.95725125
p3053_1,260,261,V,PER,0.88396215
p3053_1,263,270,Forcell,PER,0.86418927
p4499_6,24,26,Ci,PER,0.34921908
p4499_6,365,372,Alberti,PER,0.9140252
p270_3,679,687,D'Argens,PER,0.8497102
p270_3,701,709,Federico,PER,0.99193406
p2264_1,230,234,Casa,PER,0.31930754
p2264_1,576,582,Orazio,PER,0.86399615
p2264_1,1035,1041,Orazio,PER,0.9520105
p2264_1,1119,1124,Livio,PER,0.9870547
p62_3,32,37,Dario,PER,0.9926416
p62_3,103,110,Arriano,PER,0.9626978
p62_3,131,137,Curzio,PER,0.9169266
p62_3,159,169,Alessandro,PER,0.99034494
p62_3,214,221,Arriano,PER,0.9624166
p62_3,376,383,Persian,LOC,0.6280102
p62_3,449,459,Alessandro,PER,0.9923254
p62_3,461,468,Arriano,PER,0.96168727
p62_3,620,627,Persian,LOC,0.4310299
p62_3,651,659,Macedone,LOC,0.7496293
p62_3,663,668,Dario,PER,0.99165934
p62_3,774,784,Alessandro,PER,0.99077284
p62_3,989,997,Macedone,LOC,0.5383803
p4197_7,14,30,Teodoro Gadareno,PER,0.99980503
p4197_7,140,146,Sueton,PER,0.9169059
p4197_7,159,167,Suetonio,PER,0.9071993
p15_1,75,78,Lod,PER,0.47654212
p15_1,83,88,Breme,PER,0.61893195
p15_1,1305,1318,Chateaubriand,PER,0.9159875
p15_1,1323,1330,Delille,PER,0.6699159
p15_1,1335,1347,SaintPierre,PER,0.41704983
p15_1,1701,1706,Breme,PER,0.86844516
p15_1,1738,1745,Chateau,PER,0.7211659
p4227_6,431,440,Algarotti,PER,0.74243593
p4227_6,483,484,N,PER,0.41371408
p4227_6,488,491,Her,LOC,0.7736241
p4227_6,493,497,##ogen,LOC,0.4081409
p4227_6,504,511,Berlino,LOC,0.89735794
p4227_6,543,550,Cremona,LOC,0.91137886
p4227_6,552,556,Mani,PER,0.4737865
p8_3,1394,1400,Italia,LOC,0.9969042
p8_3,1541,1547,Camper,PER,0.6205224
p8_3,1708,1710,Be,LOC,0.37347105
p8_3,1721,1723,Ne,LOC,0.37463483
p1659_1,338,344,Empire,LOC,0.52176994
p1659_1,514,521,Wieland,LOC,0.8644208
p1659_1,1041,1046,Dante,PER,0.99286145
p1659_1,1048,1056,Petrarca,PER,0.99075407
p1659_1,1061,1062,V,PER,0.63403577
p1659_1,1064,1073,Perticari,PER,0.7802334
p1659_1,1822,1830,Salviati,PER,0.9247847
p4216_1,76,84,Demetrio,PER,0.9600091
p4216_1,411,418,Alfieri,PER,0.9616224
p4216_1,1181,1189,Demetrio,PER,0.9715078
p4216_1,1470,1474,Caro,PER,0.5984938
p4216_1,1475,1483,Demetrio,PER,0.86614037
p477_2,227,232,Floro,PER,0.6512761
p477_2,253,258,Dione,PER,0.8779638
p477_2,330,337,Velleio,PER,0.79789877
p2674_2,132,141,Apollonio,PER,0.8569081
p2674_2,190,209,Marcello Adriani il,PER,0.8767799
p144_1,940,950,Aristotele,PER,0.9904859
p144_1,999,1005,Orazio,PER,0.97020555
p144_1,1608,1615,Erodoto,PER,0.9763909
p4036_4,78,87,Giacomini,PER,0.967712
p4397_1,15,22,Achille,PER,0.8423773
p4397_1,29,34,Omero,PER,0.9636795
p4397_1,156,161,Omero,PER,0.9370259
p4397_1,225,229,Poet,PER,0.47342455
p4397_1,399,402,Vir,PER,0.51882553
p4397_1,491,494,Due,PER,0.51552033
p4397_1,628,633,Roman,PER,0.33868867
p4397_1,701,708,Achille,PER,0.8607026
p4167_9,10,29,Cicerone de Divinat,PER,0.90616494
p4167_9,43,49,Catone,PER,0.99728614
p4167_9,169,177,Principi,LOC,0.6481096
p4167_9,244,251,Bologna,LOC,0.974068
p2453_1,1006,1011,Staël,PER,0.771014
p2453_1,1025,1032,Alfieri,PER,0.87906015
p2453_1,1034,1041,Corinne,PER,0.5708666
p3_2,151,156,Omero,PER,0.99846935
p4010_5,679,695,Fenice Colofonio,PER,0.81818867
p4010_5,713,719,Ateneo,PER,0.87520766
p4010_5,776,787,Dalechampio,PER,0.5604644
p4010_5,941,943,Sc,PER,0.45565486
p4010_5,962,970,Euripide,PER,0.97151583
p4010_5,1111,1113,Sc,PER,0.5130272
p4010_5,1138,1150,Dione Cassio,PER,0.9379828
p4010_5,1273,1282,Perizonio,PER,0.8891545
p4010_5,1286,1288,AE,PER,0.5728126
p4010_5,1341,1354,Alessi Comico,PER,0.8007737
p4010_5,1359,1365,Ateneo,PER,0.7794943
p4010_5,1405,1416,Dalechampio,PER,0.6496234
p4010_5,1566,1569,Fed,PER,0.7107593
p4010_5,1576,1583,Platone,PER,0.9374112
p4048_1,170,174,Ioni,LOC,0.8450197
p4048_1,180,184,Dori,LOC,0.7649626
p4048_1,195,203,Schrevel,PER,0.5978828
p4048_1,210,212,Sc,PER,0.7559607
p4048_1,268,275,Lessico,PER,0.60694
p3390_1,27,36,Spagnuoli,LOC,0.42118138
p3390_1,431,435,Redi,PER,0.60190433
p3390_1,441,448,Salvini,PER,0.70370245
p3390_1,454,457,Dat,PER,0.5334469
p3390_1,476,477,C,LOC,0.56064516
p3390_1,761,768,Speroni,PER,0.54745734
p3390_1,787,789,Be,LOC,0.43793646
p3390_1,799,802,Ora,LOC,0.45779085
p3390_1,825,829,Caro,PER,0.7852664
p1518_1,81,85,Roma,LOC,0.9992747
p1518_1,179,185,Parigi,LOC,0.9989605
p1518_1,340,344,Roma,LOC,0.9919973
p1518_1,500,506,Romana,LOC,0.41723594
p1518_1,600,604,Anna,PER,0.43866903
p1518_1,881,888,Erodoto,PER,0.9577818
p1518_1,894,903,Senofonte,PER,0.8867467
p1518_1,990,997,Luciano,PER,0.9962664
p1518_1,1002,1009,Polibio,PER,0.97948414
p4306_1,392,402,D'Alembert,PER,0.95948756
p4306_1,1118,1122,Pisa,LOC,0.8178364
p4309_2,0,14,Dionigi D'Alic,PER,0.9509974
p4309_2,64,72,Tucidide,PER,0.9627531
p4309_2,155,160,Atene,LOC,0.9879289
p4309_2,182,189,Erodoto,PER,0.92648524
p4309_2,297,304,Dionigi,PER,0.935744
p4309_2,307,314,Firenze,LOC,0.9144902
p4309_2,333,334,S,PER,0.45568502
p4309_2,336,342,Pietro,PER,0.26913854
p4248_2,165,169,Casa,PER,0.6025094
p4248_2,176,183,Athenae,PER,0.5020126
p3192_1,193,201,Cicerone,PER,0.9991372
p3192_1,217,225,Lucrezio,PER,0.99741507
p3192_1,263,269,Orazio,PER,0.9963401
p4166_5,64,77,Teone Sofista,PER,0.977239
p4166_5,113,133,Achillis et Diomedis,PER,0.7789108
p4166_5,160,167,Bologna,LOC,0.99332607
p3117_1,189,193,Enea,PER,0.98429954
p3117_1,199,207,Virgilio,PER,0.990404
p3117_1,220,228,Pallante,PER,0.9802023
p3117_1,1397,1402,Omero,PER,0.98281324
p357_1,174,183,Condorcet,PER,0.99847424
p357_1,574,585,Robespierre,PER,0.5191404
p3687_1,403,408,Dante,PER,0.9911522
p3687_1,438,444,Crusca,LOC,0.586793
p526_1,13,18,Floro,PER,0.985716
p526_1,130,135,Livio,PER,0.9946681
p526_1,267,272,Floro,PER,0.9837602
p1790_1,100,110,Napoletano,PER,0.8049486
p1790_1,125,131,Dutens,PER,0.8767419
p1790_1,215,225,S. Tommaso,PER,0.9181297
p3135_1,85,93,Virgilio,PER,0.9864696
p3135_1,499,505,Romani,LOC,0.6305976
p3135_1,689,694,Omero,PER,0.99721
p3135_1,720,728,Virgilio,PER,0.9957986
p3135_1,732,738,Romani,LOC,0.8119926
p3135_1,1140,1142,Er,PER,0.7193875
p1155_2,115,120,Festo,PER,0.9608846
p928_1,724,734,Forcellini,PER,0.7472622
p928_1,818,838,Parimente il Ducange,PER,0.9835207
p4428_2,134,141,Niebuhr,PER,0.86941695
p351_1,31,40,Teofrasto,PER,0.97636557
p351_1,333,340,Platone,PER,0.99930143
p351_1,436,446,Aristotele,PER,0.99608546
p4301_3,140,149,Lascerian,PER,0.7312272
p4301_3,185,194,Magalotti,PER,0.7058194
p4301_3,232,237,Acciò,PER,0.594012
p4301_3,344,348,Pisa,LOC,0.9966168
p43_5,242,246,Roma,LOC,0.9952722
p1054_2,141,142,V,PER,0.781184
p1054_2,144,150,Sulzer,PER,0.8434044
p1054_2,322,323,V,PER,0.8929505
p1054_2,325,338,il Forcellini,PER,0.9815637
p4281_3,62,68,Reimar,PER,0.7204866
p4281_3,97,116,Giovanni Leunclavio,PER,0.9961668
p4281_3,180,199,Marquardus Freherus,PER,0.99268806
p4281_3,227,237,Leunclavii,PER,0.7209015
p4281_3,238,248,Jus Graeco,PER,0.5871328
p4281_3,251,258,Romanum,PER,0.39158252
p4281_3,528,540,Chesterfield,PER,0.85925424
p4281_3,737,745,Cicerone,PER,0.99720633
p4281_3,766,785,Federico di Prussia,PER,0.99813634
p4281_3,1138,1150,Chesterfield,PER,0.864166
p4281_3,1544,1551,Recanat,LOC,0.5619977
p2247_1,139,148,Nauclerus,PER,0.69076973
p1150_3,242,253,Quintiliano,PER,0.9873598
p1150_3,723,725,Ci,PER,0.61718714
p4148_1,78,87,Boccaccio,PER,0.98855686
p4148_1,99,108,Perticari,LOC,0.8855812
p4148_1,115,119,Lugo,LOC,0.99085325
p4148_1,145,148,Cal,LOC,0.46650505
p1338_2,31,40,Ippocrate,PER,0.9095446
p1338_2,272,278,Grecia,LOC,0.9900253
p1338_2,493,495,Re,PER,0.4424222
p1012_1,106,112,Bonamy,PER,0.9497635
p1012_1,301,307,Astruc,PER,0.834503
p1012_1,518,524,Andrès,PER,0.86815095
p2370_1,187,196,Senofonte,PER,0.9749131
p2370_1,249,257,Ganimede,PER,0.9872654
p2370_1,351,356,Omero,PER,0.9947064
p2370_1,377,386,Senofonte,PER,0.98501843
p2370_1,578,583,Omero,PER,0.9941913
p2370_1,987,992,Dante,PER,0.997341
p2370_1,1032,1041,Senofonte,PER,0.98067236
p1061_3,87,98,Gesù Cristo,PER,0.99189115
p318_1,165,173,Rousseau,PER,0.9986035
p318_1,178,183,Staël,PER,0.93907183
p2996_1,770,771,A,PER,0.3933899
p2996_1,787,790,Abs,PER,0.41610348
p2996_1,822,829,Vellico,PER,0.7641899
p2996_1,833,836,For,PER,0.30215403
p2796_2,57,68,Castiglione,LOC,0.58884954
p24_3,41,50,Chiabrera,LOC,0.7520619
p24_3,67,76,Pindarico,LOC,0.5101181
p24_3,96,102,Orazio,PER,0.6444331
p24_3,123,130,Omerica,PER,0.5353489
p24_3,133,142,Pindarica,PER,0.6293351
p24_3,209,217,Filicaja,LOC,0.5144642
p24_3,320,327,Longino,PER,0.96789277
p24_3,585,592,Pindaro,PER,0.8717559
p24_3,1215,1217,Ea,PER,0.6544577
p24_3,1286,1291,Guisa,PER,0.7704188
p24_3,1325,1332,Pindaro,PER,0.93081504
p24_3,1335,1341,Orazio,PER,0.9419887
p24_3,1649,1655,Orazio,PER,0.9180784
p3642_1,823,839,D. Ant. de Solìs,PER,0.9816843
p3642_1,923,929,Madrid,LOC,0.99600995
p1270_2,403,405,Fe,LOC,0.5356383
p1270_2,416,420,Sama,LOC,0.5875639
p1270_2,442,447,Greco,LOC,0.44354084
p1270_2,475,477,Et,LOC,0.58584607
p1270_2,498,501,Cop,LOC,0.53760386
p1270_2,555,557,Me,LOC,0.42716974
p1270_2,570,573,Got,LOC,0.38774773
p1270_2,815,818,Sir,PER,0.7015765
p1270_2,819,827,W. Jones,PER,0.841306
p1270_2,928,935,Persian,LOC,0.4120021
p1270_2,945,951,Indian,LOC,0.45546645
p1270_2,958,964,Romani,LOC,0.495412
p1270_2,970,971,G,LOC,0.44319284
p1270_2,982,985,Got,LOC,0.41562834
p1270_2,1003,1004,E,LOC,0.5295759
p1270_2,1007,1008,##i,LOC,0.505592
p1270_2,1011,1017,Etiopi,LOC,0.5603492
p1270_2,1043,1044,E,LOC,0.43650073
p1270_2,1054,1058,Arab,LOC,0.4570871
p1270_2,1065,1068,Ass,LOC,0.5921067
p1270_2,1071,1072,##i,LOC,0.45743093
p1270_2,1093,1100,Persian,LOC,0.41057637
p1270_2,1131,1136,Siria,LOC,0.5767647
p1270_2,1164,1173,Abissinii,LOC,0.53370833
p2243_2,84,88,Enea,PER,0.5680398
p2243_2,126,132,Donato,PER,0.9929426
p2243_2,528,533,Troia,LOC,0.9704219
p4158_8,237,243,Strabo,PER,0.97186583
p4158_8,436,440,Casa,PER,0.4392291
p4158_8,466,469,Cos,PER,0.48923278
p4158_8,485,491,Lemnus,PER,0.8251764
p4158_8,514,520,Homero,PER,0.95245886
p4158_8,537,548,Archilochus,PER,0.92710376
p4158_8,600,607,Eustath,PER,0.812588
p4158_8,635,638,Rom,LOC,0.9682676
p4158_8,669,675,Lysias,PER,0.9128767
p4158_8,683,689,Andoci,PER,0.8803389
p4158_8,789,809,Aristides de Neptuno,PER,0.927817
p4158_8,827,838,Jebbii Oxon,PER,0.9069521
p4158_8,916,923,Aeschyl,PER,0.64035493
p4158_8,972,974,Si,PER,0.59625673
p4158_8,976,983,Propert,PER,0.5907596
p4158_8,1013,1024,Huschke Mis,PER,0.8479512
p4158_8,1051,1067,Praxitelem Paria,PER,0.83841854
p4158_8,1095,1100,Liebe,PER,0.46269897
p32_4,18,23,Celso,PER,0.6986946
p32_4,491,496,Celso,PER,0.9118718
p32_4,656,661,Celso,PER,0.89679956
p2202_2,14,23,Forcellin,LOC,0.4449826
p2202_2,378,382,Vale,PER,0.83099705
p2202_2,418,425,Valerii,PER,0.8032328
p2477_1,622,627,Blair,PER,0.84233063
p2477_1,703,711,Cicerone,PER,0.9987218
p4302_3,142,146,Pisa,LOC,0.9940701
p4302_3,152,155,Mar,LOC,0.27360138
p4147_3,85,94,Teofrasto,PER,0.9258157
p4147_3,96,100,Cara,PER,0.51532537
p4147_3,133,138,Coray,PER,0.524835
p4147_3,276,283,Bologna,LOC,0.99149674
p1789_1,173,180,Ariosto,PER,0.9948096
p1789_1,418,420,Pa,PER,0.5521219
p1789_1,439,447,Angelica,PER,0.7120186
p2991_1,205,208,Mai,PER,0.5468659
p2991_1,211,213,Ci,PER,0.3183295
p2991_1,294,296,Ve,PER,0.41490835
p2991_1,305,310,Force,LOC,0.23959357
p2991_1,317,318,S,LOC,0.46486697
p2991_1,323,324,R,PER,0.3199606
p2991_1,332,335,Qua,PER,0.3977021
p2991_1,475,478,Qui,PER,0.4626636
p2991_1,500,501,S,LOC,0.42642245
p29_3,15,23,Paciaudi,PER,0.95720166
p29_3,48,55,Alfieri,PER,0.9874362
p1534_2,254,261,Augusto,PER,0.99840885
p714_1,448,461,Mad. di Staël,PER,0.8558176
p714_1,463,468,Floro,PER,0.8178538
p4240_1,179,202,Giorgio Gemisto Pletone,PER,0.9988883
p4240_1,273,278,Elena,PER,0.97780025
p4240_1,305,312,Ipomone,PER,0.71394175
p4240_1,328,337,Mustoxidi,PER,0.98827654
p4240_1,340,345,Scinà,PER,0.9812837
p4240_1,604,607,Rec,LOC,0.6044853
p3964_3,60,65,Omero,PER,0.9784064
p3964_3,89,92,Ion,LOC,0.26776382
p3964_3,161,166,Omero,PER,0.97782815
p3964_3,579,588,Democrito,PER,0.95284486
p3964_3,593,599,Ctesia,PER,0.9318835
p3964_3,674,681,Erodoto,PER,0.96586514
p3964_3,812,817,Omero,PER,0.9874234
p3964_3,983,988,Dante,PER,0.99733895
p3964_3,1271,1280,Empedocle,PER,0.94927967
p3964_3,1283,1292,Ippocrate,PER,0.9442332
p3964_3,1367,1372,Omero,PER,0.9833969
p4126_6,158,164,Dupuis,PER,0.5258187
p4126_6,166,172,Parigi,LOC,0.97041017
p3709_1,240,243,For,PER,0.29351926
p3709_1,618,622,Vive,LOC,0.33195174
p4114_1,47,48,V,PER,0.86424035
p4114_1,50,54,Scap,PER,0.7766267
p3684_3,179,189,Forcellini,PER,0.66546166
p4241_3,102,109,Galilei,PER,0.99099356
p4241_3,1131,1138,Alfieri,PER,0.95467365
p4241_3,1257,1268,Quintiliano,PER,0.6531971
p4241_3,1286,1287,E,PER,0.4484024
p4241_3,1306,1313,Galileo,PER,0.98127866
p4166_17,40,47,Luciano,PER,0.9974775
p4148_4,76,78,Di,LOC,0.5924292
p4148_4,84,92,Richelet,LOC,0.86005396
p4148_4,108,115,Trévoux,LOC,0.97944915
p4148_4,134,139,Piron,PER,0.9647447
p4148_4,141,147,Pougen,PER,0.580913
p3486_2,108,113,Atene,LOC,0.9972324
p3486_2,554,562,Terenzio,PER,0.9585082
p3486_2,577,585,Menandro,PER,0.843466
p3486_2,730,731,R,PER,0.5300006
p3486_2,819,822,Dei,PER,0.45454952
p3486_2,997,1004,Luciano,PER,0.9962978
p3486_2,1259,1264,Maria,PER,0.49014258
p2157_1,1764,1775,S. Flaviano,PER,0.926178
p2698_1,390,395,Dante,PER,0.9603651
p2698_1,422,430,Petrarca,PER,0.97317255
p2698_1,435,444,Boccaccio,PER,0.9511705
p2698_1,449,459,Passavanti,PER,0.73096365
p2698_1,497,513,Domenico Cavalca,PER,0.9991772
p208_1,144,150,Thomas,PER,0.96756613
p208_1,485,491,Thomas,PER,0.948455
p4190_8,57,67,Aristophan,PER,0.86946845
p4190_8,101,113,Dio Chrysost,PER,0.9261282
p4190_8,154,159,Lutet,PER,0.87006325
p4190_8,167,173,Morell,PER,0.6904237
p2307_1,177,182,Force,PER,0.6732255
p2307_1,355,360,Force,PER,0.67532766
p2307_1,619,624,Omero,PER,0.9934844
p2879_2,244,272,Dionigi d'Alicarnasso Archae,PER,0.8868176
p2879_2,327,333,Italia,LOC,0.98753023
p2879_2,1197,1207,Corticelli,PER,0.9421916
p2879_2,1214,1216,Bu,PER,0.6863685
p3976_1,1356,1363,Ariosto,PER,0.9778949
p1120_1,189,191,Au,PER,0.55893326
p1120_1,461,466,Festo,PER,0.6698942
p3298_6,133,136,Sve,PER,0.4380304
